{"20:58:69:00:BA:6C": -29.4, "20:58:69:40:BA:6C": -29.983333333333334, "28:9E:FC:7E:23:8F": -49.833333333333336, "28:9E:FC:7E:23:8E": -54.266666666666666, "20:58:69:00:B9:18": -51.416666666666664, "20:58:69:40:B9:18": -51.31666666666667, "20:58:69:00:BA:68": -39.833333333333336, "20:58:69:40:BA:68": -39.666666666666664, "94:53:30:E3:26:B9": -47.35, "20:58:69:00:B9:1C": -57.06666666666667, "20:58:69:40:B9:1C": -57.31666666666667, "20:58:69:80:B9:1C": -57.4, "20:58:69:40:BA:9C": -70.91666666666667, "20:58:69:80:BA:9C": -70.96666666666667, "20:58:69:00:BA:3C": -61.9, "20:58:69:40:BA:3C": -62.05, "20:58:69:80:BA:3C": -62.11666666666667, "20:58:69:00:B9:8C": -64.15, "20:58:69:40:B9:8C": -64.25, "94:53:30:E3:26:BA": -56.416666666666664, "20:58:69:00:BA:98": -56.2, "20:58:69:40:BA:98": -56.06666666666667, "20:58:69:80:C1:9C": -84.56666666666666, "20:58:69:40:BA:38": -61.0, "20:58:69:00:BA:38": -61.13333333333333, "20:58:69:40:C1:9C": -84.73333333333333, "20:58:69:00:C1:9C": -84.73333333333333, "20:58:69:00:BA:9C": -70.61666666666666, "20:58:69:00:BA:2C": -63.53333333333333, "20:58:69:40:BA:2C": -63.78333333333333, "20:58:69:00:BA:28": -57.03333333333333, "20:58:69:40:BA:28": -57.18333333333333, "20:58:69:80:B9:8C": -64.25, "20:58:69:00:B8:FC": -86.48333333333333, "20:58:69:40:B8:FC": -86.65, "20:58:69:80:B8:FC": -86.5, "20:58:69:80:B9:18": -51.583333333333336, "20:58:69:80:BA:6C": -23.5, "FA:4F:AD:3E:B5:2B": -92.65, "20:58:69:C0:BA:2B": -59.36666666666667, "20:58:69:80:BA:98": -49.61666666666667, "20:58:69:80:BF:48": -32.85, "82:2A:A8:51:7C:11": -73.76666666666667, "20:58:69:00:C0:58": -81.51666666666667, "20:58:69:40:C0:58": -84.4, "80:2A:A8:51:7C:11": -73.58333333333333, "C4:E5:32:DA:2A:02": -71.33333333333333, "20:58:69:C0:BA:28": -60.3, "FA:4F:AD:3E:DB:2A": -45.35, "20:58:69:80:BA:2C": -63.88333333333333, "20:58:69:C0:BA:2C": -63.983333333333334, "20:58:69:00:C1:98": -70.78333333333333, "20:58:69:40:C1:98": -70.76666666666667, "E8:AD:A6:42:35:36": -44.833333333333336, "20:58:69:40:BA:A8": -61.96666666666667, "3C:8C:F8:84:53:30": -20.5, "80:2A:A8:44:BE:DC": -50.65, "0C:9D:92:1E:0C:70": -71.86666666666666, "E8:48:B8:1F:7B:EF": -74.08333333333333, "68:4A:76:90:50:C6": -40.28333333333333, "00:50:C2:79:BE:AA": -27.833333333333332, "82:E8:2C:0A:84:C6": -78.23333333333333, "20:58:69:80:C1:98": -67.26666666666667, "82:2A:A8:44:C8:5B": -47.13333333333333, "10:0C:6B:43:B7:8D": -78.55, "40:B0:76:AE:2F:80": -76.11666666666666, "7A:28:CA:03:E9:B4": -77.78333333333333, "F4:69:42:5A:1C:24": -82.51666666666667, "20:58:69:00:B8:F8": -79.33333333333333, "20:58:69:40:B8:F8": -79.45, "28:9E:FC:AA:AB:2E": -66.78333333333333, "20:58:69:00:BB:F8": -32.9, "20:58:69:40:BB:F8": -44.43333333333333, "7E:27:BC:0F:82:A0": -54.2, "20:58:69:00:B9:88": -66.31666666666666, "20:58:69:40:B9:88": -66.4, "20:58:69:80:BA:38": -59.36666666666667, "20:58:69:80:BA:F8": -61.1, "20:58:69:00:BF:48": -75.5, "20:58:69:40:BF:48": -76.16666666666667, "68:4A:76:90:50:C4": -26.883333333333333, "94:A6:7E:F1:04:08": -10.5, "40:B0:76:B0:1C:D0": -60.11666666666667, "20:58:69:80:BA:28": -55.93333333333333, "20:58:69:40:BA:F8": -75.65, "20:58:69:00:BA:F8": -75.33333333333333, "20:58:69:80:BB:F8": -10.15, "34:53:D2:4E:A8:7E": -58.983333333333334, "20:58:69:80:B9:88": -58.516666666666666, "82:2A:A8:44:BE:DC": -50.45, "BC:A5:11:0F:66:55": -64.16666666666667, "80:2A:A8:44:C8:5B": -41.233333333333334, "20:58:69:80:BA:68": -37.15, "4C:19:5D:38:27:73": -56.61666666666667, "48:5A:B6:77:F1:60": -51.61666666666667, "D2:48:B8:1F:7B:E1": -68.0, "68:4A:76:90:50:C8": -9.45, "50:09:59:E4:5C:3B": -29.566666666666666, "20:58:69:80:BA:A8": -12.9, "20:58:69:00:BA:A8": -39.2, "58:2F:F7:F5:34:F8": -61.083333333333336, "28:BD:89:20:18:74": -22.25, "2E:4A:48:00:7F:66": -14.366666666666667, "C4:E5:32:DA:2A:03": -46.38333333333333, "00:40:FF:80:A6:C8": -9.45, "20:58:69:80:C0:58": -21.25, "20:58:69:40:BA:FC": -50.18333333333333, "20:58:69:80:BA:FC": -49.916666666666664, "32:B4:B8:2F:76:F8": -18.783333333333335, "92:2A:A8:52:7C:11": -37.38333333333333, "3C:37:86:4D:EE:2B": -21.666666666666668, "20:58:69:00:BA:FC": -37.2, "20:58:69:00:C0:D8": -11.333333333333334, "78:61:7C:46:87:FC": -10.933333333333334, "82:2A:A8:52:7C:11": -10.266666666666667, "20:58:69:80:B8:F8": -9.45, "74:D7:CA:83:E8:8F": -8.0}