{"20:58:69:00:BA:6C": -42.416666666666664, "20:58:69:40:BA:6C": -42.81666666666667, "28:9E:FC:7E:23:8F": -48.983333333333334, "28:9E:FC:7E:23:8E": -54.68333333333333, "20:58:69:00:B9:18": -52.016666666666666, "20:58:69:40:B9:18": -51.81666666666667, "20:58:69:00:BA:68": -37.21666666666667, "20:58:69:40:BA:68": -37.166666666666664, "94:53:30:E3:26:B9": -38.833333333333336, "20:58:69:00:B9:1C": -52.68333333333333, "20:58:69:40:B9:1C": -52.75, "20:58:69:80:B9:1C": -52.75, "20:58:69:40:BA:9C": -73.3, "20:58:69:80:BA:9C": -73.25, "20:58:69:00:BA:3C": -57.86666666666667, "20:58:69:40:BA:3C": -58.016666666666666, "20:58:69:80:BA:3C": -58.15, "20:58:69:00:B9:8C": -62.11666666666667, "20:58:69:40:B9:8C": -62.2, "94:53:30:E3:26:BA": -53.016666666666666, "20:58:69:00:BA:98": -60.233333333333334, "20:58:69:40:BA:98": -60.233333333333334, "20:58:69:80:C1:9C": -86.48333333333333, "20:58:69:40:BA:38": -55.15, "20:58:69:00:BA:38": -55.15, "20:58:69:40:C1:9C": -86.6, "20:58:69:00:C1:9C": -86.51666666666667, "20:58:69:00:BA:9C": -72.98333333333333, "20:58:69:00:BA:2C": -66.06666666666666, "20:58:69:40:BA:2C": -66.18333333333334, "20:58:69:00:BA:28": -59.63333333333333, "20:58:69:40:BA:28": -59.7, "20:58:69:00:B8:FC": -83.75, "20:58:69:40:B8:FC": -83.83333333333333, "20:58:69:80:B8:FC": -83.93333333333334, "20:58:69:C0:BA:2B": -60.38333333333333, "82:2A:A8:51:7C:11": -73.35, "80:2A:A8:51:7C:11": -73.7, "82:E8:2C:0A:84:C6": -74.36666666666666, "20:58:69:00:B9:88": -67.01666666666667, "20:58:69:40:B9:88": -66.96666666666667, "C4:E5:32:DA:2A:02": -73.18333333333334, "50:09:59:E4:5C:3B": -74.35, "20:58:69:80:B9:8C": -62.28333333333333, "20:58:69:80:BA:6C": -35.766666666666666, "FA:4F:AD:3E:B5:2B": -86.11666666666666, "20:58:69:80:B9:18": -52.06666666666667, "20:58:69:40:B8:F8": -69.18333333333334, "82:2A:A8:44:C8:5B": -79.25, "7E:27:BC:0F:82:A0": -74.96666666666667, "F4:69:42:5A:1C:24": -82.73333333333333, "20:58:69:80:BA:2C": -65.0, "20:58:69:C0:BA:2C": -65.08333333333333, "20:58:69:40:C1:98": -73.01666666666667, "20:58:69:00:C1:98": -72.9, "20:58:69:00:BA:A8": -48.13333333333333, "20:58:69:40:BA:A8": -56.03333333333333, "28:9E:FC:AA:AB:2E": -50.8, "D2:48:B8:1F:7B:E1": -79.03333333333333, "C4:E5:32:DA:2A:03": -86.83333333333333, "82:2A:A8:52:7C:11": -82.66666666666667, "20:58:69:80:B9:88": -50.36666666666667, "20:58:69:80:BA:38": -52.56666666666667, "2E:4A:48:00:7F:66": -60.31666666666667, "F4:69:42:5A:1C:23": -9.45, "E8:48:B8:1F:7B:EF": -78.11666666666666, "20:58:69:80:BA:68": -36.11666666666667, "20:58:69:80:BA:28": -58.25, "20:58:69:C0:BA:28": -59.0, "28:9E:FC:AA:AB:2F": -79.5, "92:2A:A8:52:7C:11": -62.833333333333336, "0C:9D:92:1E:0C:70": -78.23333333333333, "58:2F:F7:F5:34:F8": -46.96666666666667, "20:58:69:00:BA:F8": -54.666666666666664, "20:58:69:80:BA:F8": -39.75, "20:58:69:80:BA:98": -40.05, "48:5A:B6:77:F1:60": -51.733333333333334, "FA:4F:AD:3E:DB:2A": -48.65, "22:EF:BD:46:EF:78": -11.733333333333333, "80:2A:A8:44:BE:DC": -25.9, "7A:28:CA:03:E9:B4": -59.083333333333336, "20:58:69:00:B8:F8": -54.56666666666667, "20:58:69:80:BA:A8": -20.883333333333333, "34:53:D2:4E:A8:7E": -59.93333333333333, "20:58:69:80:C1:98": -45.78333333333333, "20:58:69:40:BA:F8": -54.483333333333334, "28:BD:89:20:18:74": -25.383333333333333, "74:DA:88:CD:A5:00": -19.633333333333333, "20:58:69:00:BF:48": -67.0, "20:58:69:40:BF:48": -64.9, "00:50:C2:79:BE:AA": -21.9, "80:2A:A8:44:C8:5B": -57.96666666666667, "78:29:ED:18:E1:B3": -12.4, "94:A6:7E:F1:04:08": -43.28333333333333, "10:0C:6B:43:B7:8D": -45.71666666666667, "00:0D:97:09:03:87": -9.916666666666666, "4C:19:5D:38:27:73": -53.03333333333333, "BC:A5:11:0F:66:55": -40.166666666666664, "82:2A:A8:44:BE:DC": -37.21666666666667, "00:30:44:55:C8:46": -24.633333333333333, "38:94:ED:CB:93:B1": -23.4, "8A:5A:85:EA:DD:71": -25.083333333333332, "20:58:69:80:B8:F8": -9.566666666666666, "20:58:69:80:BF:48": -1.3666666666666667, "94:53:30:D9:CD:C3": -1.3666666666666667}