{"20:58:69:00:BA:6C": -45.56666666666667, "20:58:69:40:BA:6C": -45.86666666666667, "28:9E:FC:7E:23:8F": -50.3, "28:9E:FC:7E:23:8E": -59.61666666666667, "20:58:69:00:B9:18": -50.18333333333333, "20:58:69:40:B9:18": -50.1, "20:58:69:00:BA:68": -41.05, "20:58:69:40:BA:68": -40.983333333333334, "94:53:30:E3:26:B9": -40.88333333333333, "20:58:69:00:B9:1C": -52.583333333333336, "20:58:69:40:B9:1C": -52.71666666666667, "20:58:69:80:B9:1C": -52.733333333333334, "20:58:69:40:BA:9C": -73.95, "20:58:69:80:BA:9C": -73.88333333333334, "20:58:69:00:BA:3C": -57.016666666666666, "20:58:69:40:BA:3C": -57.13333333333333, "20:58:69:80:BA:3C": -57.1, "20:58:69:00:B9:8C": -67.0, "20:58:69:40:B9:8C": -67.03333333333333, "94:53:30:E3:26:BA": -55.71666666666667, "20:58:69:00:BA:98": -66.93333333333334, "20:58:69:40:BA:98": -66.93333333333334, "20:58:69:80:C1:9C": -86.45, "20:58:69:40:BA:38": -53.81666666666667, "20:58:69:00:BA:38": -53.7, "20:58:69:40:C1:9C": -86.61666666666666, "20:58:69:00:C1:9C": -86.53333333333333, "20:58:69:00:BA:9C": -73.76666666666667, "20:58:69:00:BA:2C": -67.26666666666667, "20:58:69:40:BA:2C": -67.5, "20:58:69:00:B8:FC": -87.33333333333333, "20:58:69:40:B8:FC": -87.43333333333334, "20:58:69:80:B8:FC": -87.56666666666666, "82:2A:A8:51:7C:11": -76.88333333333334, "80:2A:A8:51:7C:11": -75.56666666666666, "82:E8:2C:0A:84:C6": -74.76666666666667, "20:58:69:00:B9:88": -65.75, "20:58:69:40:B9:88": -65.7, "20:58:69:80:B9:8C": -67.18333333333334, "FA:4F:AD:3E:B5:2B": -92.35, "7E:27:BC:0F:82:A0": -73.25, "20:58:69:80:BA:2C": -67.71666666666667, "20:58:69:C0:BA:2C": -67.66666666666667, "20:58:69:40:C1:98": -77.96666666666667, "20:58:69:00:C1:98": -73.81666666666666, "D2:48:B8:1F:7B:E1": -78.65, "E8:48:B8:1F:7B:EF": -71.38333333333334, "20:58:69:80:C1:98": -70.2, "E8:AD:A6:42:35:36": -37.916666666666664, "20:58:69:40:B8:F8": -74.63333333333334, "20:58:69:00:B8:F8": -75.1, "3C:8C:F8:84:53:30": -56.68333333333333, "F4:69:42:5A:1C:24": -83.1, "20:58:69:80:B9:88": -52.86666666666667, "20:58:69:80:BA:38": -53.016666666666666, "FA:8F:CA:77:52:71": -66.68333333333334, "20:58:69:80:BA:68": -36.25, "20:58:69:80:BA:98": -53.516666666666666, "40:B0:76:AE:2F:80": -76.18333333333334, "C4:E5:32:DA:2A:02": -69.71666666666667, "20:58:69:C0:BA:28": -53.13333333333333, "20:58:69:C0:BA:2B": -52.81666666666667, "4C:19:5D:38:27:73": -9.916666666666666, "20:58:69:00:BA:28": -50.833333333333336, "20:58:69:80:BA:28": -47.833333333333336, "20:58:69:40:BA:28": -51.083333333333336, "20:58:69:80:B9:18": -48.7, "C4:E5:32:DA:2A:03": -64.11666666666666, "58:2F:F7:F5:34:F8": -52.5, "50:09:59:E4:5C:3B": -71.36666666666666, "82:2A:A8:44:C8:5B": -64.05, "20:58:69:80:BA:6C": -40.583333333333336, "F4:69:42:5A:1C:23": -36.483333333333334, "40:B0:76:B0:1C:D0": -75.58333333333333, "92:2A:A8:52:7C:11": -75.0, "34:53:D2:4E:A8:7E": -42.31666666666667, "00:12:36:97:2D:75": -17.6, "80:2A:A8:44:C8:5B": -56.11666666666667, "FA:4F:AD:3E:DB:2A": -37.03333333333333, "EC:1A:59:83:52:D4": -50.36666666666667, "00:30:44:55:C8:46": -45.88333333333333, "EE:1A:59:83:52:D4": -42.63333333333333, "10:0C:6B:43:B7:8D": -37.766666666666666, "20:58:69:80:C1:CC": -10.383333333333333, "82:2A:A8:52:7C:11": -53.38333333333333, "2E:4A:48:00:7F:66": -10.266666666666667, "48:5A:B6:77:F1:60": -51.8, "00:50:C2:79:BE:AA": -13.2, "20:58:69:80:B8:F8": -46.31666666666667, "82:2A:A8:44:BE:DC": -37.2, "20:58:69:40:BA:F8": -9.916666666666666, "FA:8F:CA:87:08:7F": -10.15, "0C:9D:92:1E:0C:70": -39.11666666666667, "28:9E:FC:AA:AB:2E": -24.383333333333333, "9C:3D:CF:6B:93:A4": -9.916666666666666, "80:2A:A8:44:BE:DC": -35.13333333333333, "CE:4B:73:A9:F7:0E": -10.983333333333333, "00:54:AF:2F:E2:12": -10.4, "20:58:69:80:C1:C8": -11.333333333333334, "22:AD:56:9F:8A:07": -5.183333333333334, "28:BD:89:20:18:74": -2.966666666666667}